seriesuid,coordX,coordY,coordZ,heart_aort_label
1.3.6.1.4.1.14519.5.2.1.6279.6001.252709517998555732486024866345,14.900000000000002,6.700000000000003,-87.47999999999999,1
1.3.6.1.4.1.14519.5.2.1.6279.6001.252709517998555732486024866345,-1.0999999999999979,-27.299999999999997,-171.48,2
1.3.6.1.4.1.14519.5.2.1.6279.6001.897279226481700053115245043064,-7.599999999999998,-10.099999999999998,-71.75,1
1.3.6.1.4.1.14519.5.2.1.6279.6001.897279226481700053115245043064,6.400000000000002,-28.099999999999998,-189.75,2
1.3.6.1.4.1.14519.5.2.1.6279.6001.134638281277099121660656324702,9.400000000000002,-17.5,-102.97999999999999,1
1.3.6.1.4.1.14519.5.2.1.6279.6001.134638281277099121660656324702,-6.599999999999998,-51.5,-186.98,2
1.3.6.1.4.1.14519.5.2.1.6279.6001.100332161840553388986847034053,-0.9000000000000021,28.0,-60.120000000000005,1
1.3.6.1.4.1.14519.5.2.1.6279.6001.100332161840553388986847034053,13.099999999999998,-6.0,-128.12,2
1.3.6.1.4.1.14519.5.2.1.6279.6001.114218724025049818743426522343,-31.900000000000002,-24.0,-95.74000000000001,1
1.3.6.1.4.1.14519.5.2.1.6279.6001.114218724025049818743426522343,-15.900000000000002,-56.0,-197.74,2
1.3.6.1.4.1.14519.5.2.1.6279.6001.204303454658845815034433453512,4.323999999999998,-208.676,948.0,1
1.3.6.1.4.1.14519.5.2.1.6279.6001.204303454658845815034433453512,4.323999999999998,-240.676,848.0,2
1.3.6.1.4.1.14519.5.2.1.6279.6001.226564372605239604660221582288,-4.0,-10.099999999999998,-105.0,1
1.3.6.1.4.1.14519.5.2.1.6279.6001.226564372605239604660221582288,10.0,-60.099999999999994,-191.0,2
1.3.6.1.4.1.14519.5.2.1.6279.6001.780558315515979171413904604168,-13.167000000000002,-170.167,-84.0,1
1.3.6.1.4.1.14519.5.2.1.6279.6001.780558315515979171413904604168,2.8329999999999984,-220.16699999999997,-168.0,2
1.3.6.1.4.1.14519.5.2.1.6279.6001.325164338773720548739146851679,-3.599999999999998,6.200000000000003,-91.625,1
1.3.6.1.4.1.14519.5.2.1.6279.6001.325164338773720548739146851679,12.400000000000002,-25.799999999999997,-177.625,2
1.3.6.1.4.1.14519.5.2.1.6279.6001.134370886216012873213579659366,0.28300000000000125,-192.71699999999998,-90.80000000000001,1
1.3.6.1.4.1.14519.5.2.1.6279.6001.134370886216012873213579659366,0.28300000000000125,-208.71699999999998,-192.8,2
1.3.6.1.4.1.14519.5.2.1.6279.6001.214800939017429618305208626314,-1.6680000000000028,-150.668,-122.4,1
1.3.6.1.4.1.14519.5.2.1.6279.6001.214800939017429618305208626314,-1.6680000000000028,-182.668,-224.39999999999998,2
1.3.6.1.4.1.14519.5.2.1.6279.6001.975254950136384517744116790879,-15.700000000000003,2.5,-57.59,1
1.3.6.1.4.1.14519.5.2.1.6279.6001.975254950136384517744116790879,-29.700000000000003,-29.5,-139.59,2
1.3.6.1.4.1.14519.5.2.1.6279.6001.104562737760173137525888934217,-0.5,150.5,-402.7,1
1.3.6.1.4.1.14519.5.2.1.6279.6001.104562737760173137525888934217,31.5,118.5002,-486.70000000000005,2
1.3.6.1.4.1.14519.5.2.1.6279.6001.946129570505893110165820050204,26.200000000000003,-32.7,-32.260000000000005,1
1.3.6.1.4.1.14519.5.2.1.6279.6001.946129570505893110165820050204,28.200000000000003,-50.7,-134.26,2
1.3.6.1.4.1.14519.5.2.1.6279.6001.114914167428485563471327801935,2.299999999999997,-10.0,-65.88999999999999,1
1.3.6.1.4.1.14519.5.2.1.6279.6001.114914167428485563471327801935,2.299999999999997,-42.0,-165.89,2
1.3.6.1.4.1.14519.5.2.1.6279.6001.766881513533845439335142582269,-16.400000000000002,-6.0,-127.75,1
1.3.6.1.4.1.14519.5.2.1.6279.6001.766881513533845439335142582269,15.599999999999998,-40.0,-229.75,2
1.3.6.1.4.1.14519.5.2.1.6279.6001.162351539386551708034407968929,3.3029999999999973,-164.697,-80.0,1
1.3.6.1.4.1.14519.5.2.1.6279.6001.162351539386551708034407968929,3.3029999999999973,-198.697,-148.0,2
1.3.6.1.4.1.14519.5.2.1.6279.6001.199171741859530285887752432478,35.488,115.8192,-460.5,1
1.3.6.1.4.1.14519.5.2.1.6279.6001.199171741859530285887752432478,33.488,97.8192,-528.5,2
1.3.6.1.4.1.14519.5.2.1.6279.6001.115386642382564804180764325545,-0.7000000000000028,4.0,77.82,1
1.3.6.1.4.1.14519.5.2.1.6279.6001.115386642382564804180764325545,-0.7000000000000028,-46.0,-24.180000000000003,2
1.3.6.1.4.1.14519.5.2.1.6279.6001.449254134266555649028108149727,-0.40000000000000213,-30.0,-76.0,1
1.3.6.1.4.1.14519.5.2.1.6279.6001.449254134266555649028108149727,-0.40000000000000213,-64.0,-174.0,2
1.3.6.1.4.1.14519.5.2.1.6279.6001.172573195301625265149778785969,13.352,-195.64800000000002,-166.5,1
1.3.6.1.4.1.14519.5.2.1.6279.6001.172573195301625265149778785969,13.352,-229.64800000000002,-268.5,2
1.3.6.1.4.1.14519.5.2.1.6279.6001.213262690132344539993794081003,-1.7049999999999983,-135.705,-119.5,1
1.3.6.1.4.1.14519.5.2.1.6279.6001.213262690132344539993794081003,-1.7049999999999983,-167.705,-215.5,2
1.3.6.1.4.1.14519.5.2.1.6279.6001.292194861362266467652267941663,2.599999999999998,-12.400000000000002,-60.0,1
1.3.6.1.4.1.14519.5.2.1.6279.6001.292194861362266467652267941663,4.599999999999998,-44.400000000000006,-160.0,2
1.3.6.1.4.1.14519.5.2.1.6279.6001.185226274332527104841463955058,-0.20000000000000284,-12.5,-67.75,1
1.3.6.1.4.1.14519.5.2.1.6279.6001.185226274332527104841463955058,-18.200000000000003,-14.5,-185.75,2
1.3.6.1.4.1.14519.5.2.1.6279.6001.170135352376311821460213875884,7.284999999999997,-125.715,-79.5,1
1.3.6.1.4.1.14519.5.2.1.6279.6001.170135352376311821460213875884,7.284999999999997,-159.715,-131.5,2
1.3.6.1.4.1.14519.5.2.1.6279.6001.814122498113547115932318256859,0.7000000000000028,-26.799999999999997,-49.06,1
1.3.6.1.4.1.14519.5.2.1.6279.6001.814122498113547115932318256859,2.700000000000003,-44.8,-133.06,2
1.3.6.1.4.1.14519.5.2.1.6279.6001.232071262560365924176679652948,21.542,152.361,-364.8,1
1.3.6.1.4.1.14519.5.2.1.6279.6001.232071262560365924176679652948,5.542000000000002,118.36099999999999,-416.8,2
1.3.6.1.4.1.14519.5.2.1.6279.6001.139595277234735528205899724196,17.302999999999997,-181.697,-141.8,1
1.3.6.1.4.1.14519.5.2.1.6279.6001.139595277234735528205899724196,33.303,-215.697,-243.8,2
1.3.6.1.4.1.14519.5.2.1.6279.6001.229860476925100292554329427970,7.400000000000002,-24.0,-43.765,1
1.3.6.1.4.1.14519.5.2.1.6279.6001.229860476925100292554329427970,9.400000000000002,-58.0,-127.76499999999999,2
1.3.6.1.4.1.14519.5.2.1.6279.6001.277662902666135640561346462196,-5.5,-2.299999999999997,-110.505,1
1.3.6.1.4.1.14519.5.2.1.6279.6001.277662902666135640561346462196,8.5,-36.3,-194.505,2
1.3.6.1.4.1.14519.5.2.1.6279.6001.130036599816889919308975074972,5.331999999999997,-167.668,-131.8,1
1.3.6.1.4.1.14519.5.2.1.6279.6001.130036599816889919308975074972,21.332000000000004,-199.668,-249.8,2
1.3.6.1.4.1.14519.5.2.1.6279.6001.674809958213117379592437424616,21.599999999999998,-32.0,-69.18,1
1.3.6.1.4.1.14519.5.2.1.6279.6001.674809958213117379592437424616,21.599999999999998,-48.0,-171.18,2
1.3.6.1.4.1.14519.5.2.1.6279.6001.116097642684124305074876564522,1.2000000000000028,-5.400000000000002,-36.474999999999994,1
1.3.6.1.4.1.14519.5.2.1.6279.6001.116097642684124305074876564522,15.2,-23.400000000000002,-136.4749,2
1.3.6.1.4.1.14519.5.2.1.6279.6001.209269973797560820442292189762,15.299999999999997,10.900000000000002,-76.74000000000001,1
1.3.6.1.4.1.14519.5.2.1.6279.6001.209269973797560820442292189762,-0.7000000000000028,-7.099999999999998,-142.74,2
1.3.6.1.4.1.14519.5.2.1.6279.6001.199975006921901879512837687266,-2.200000000000003,-1.7999999999999972,-61.25,1
1.3.6.1.4.1.14519.5.2.1.6279.6001.199975006921901879512837687266,-2.200000000000003,-35.8,-161.25,2
1.3.6.1.4.1.14519.5.2.1.6279.6001.215086589927307766627151367533,-2.400000000000002,-76.19999999999999,-82.065,1
1.3.6.1.4.1.14519.5.2.1.6279.6001.215086589927307766627151367533,13.599999999999998,-78.19999999999999,-186.065,2
1.3.6.1.4.1.14519.5.2.1.6279.6001.119515474430718803379832249911,-7.688000000000002,-153.688,-97.4,1
1.3.6.1.4.1.14519.5.2.1.6279.6001.119515474430718803379832249911,-7.688000000000002,-187.688,-215.39999999999998,2
1.3.6.1.4.1.14519.5.2.1.6279.6001.247060297988514823071467295949,-6.0,17.799999999999997,-72.0,1
1.3.6.1.4.1.14519.5.2.1.6279.6001.247060297988514823071467295949,10.0,-16.200000000000003,-158.0,2
1.3.6.1.4.1.14519.5.2.1.6279.6001.330643702676971528301859647742,-1.9000000000000021,-48.0,-101.0,1
1.3.6.1.4.1.14519.5.2.1.6279.6001.330643702676971528301859647742,0.09999999999999787,-66.0,-203.0,2
1.3.6.1.4.1.14519.5.2.1.6279.6001.182798854785392200340436516930,-20.648,-157.648,-94.19999999999999,1
1.3.6.1.4.1.14519.5.2.1.6279.6001.182798854785392200340436516930,-4.648,-189.648,-196.2,2
1.3.6.1.4.1.14519.5.2.1.6279.6001.308655308958459380153492314021,2.293000000000003,-156.707,-92.6,1
1.3.6.1.4.1.14519.5.2.1.6279.6001.308655308958459380153492314021,2.293000000000003,-188.707,-178.6,2
1.3.6.1.4.1.14519.5.2.1.6279.6001.215785045378334625097907422785,24.993,150.162,-544.8,1
1.3.6.1.4.1.14519.5.2.1.6279.6001.215785045378334625097907422785,8.992999999999999,132.162,-628.8,2
1.3.6.1.4.1.14519.5.2.1.6279.6001.129650136453746261130135157590,8.341999999999999,-177.658,-118.1,1
1.3.6.1.4.1.14519.5.2.1.6279.6001.129650136453746261130135157590,8.341999999999999,-209.65800000000002,-220.10000000000002,2
1.3.6.1.4.1.14519.5.2.1.6279.6001.250481236093201801255751845296,13.400000000000002,-53.0,-18.569999999999997,1
1.3.6.1.4.1.14519.5.2.1.6279.6001.250481236093201801255751845296,-0.5999999999999979,-85.0,-122.57,2
1.3.6.1.4.1.14519.5.2.1.6279.6001.300146276266881736689307479986,31.273,-123.727,-119.0,1
1.3.6.1.4.1.14519.5.2.1.6279.6001.300146276266881736689307479986,33.272999999999996,-157.727,-185.0,2
1.3.6.1.4.1.14519.5.2.1.6279.6001.217589936421986638139451480826,12.0,-7.0,-81.61000000000001,1
1.3.6.1.4.1.14519.5.2.1.6279.6001.217589936421986638139451480826,12.0,-25.0,-183.61,2
1.3.6.1.4.1.14519.5.2.1.6279.6001.664989286137882319237192185951,-5.099999999999998,12.0,-41.379999999999995,1
1.3.6.1.4.1.14519.5.2.1.6279.6001.664989286137882319237192185951,10.900000000000002,-6.0,-111.38,2
1.3.6.1.4.1.14519.5.2.1.6279.6001.309955999522338651429118207446,-2.5,-1.5,-42.004999999999995,1
1.3.6.1.4.1.14519.5.2.1.6279.6001.309955999522338651429118207446,-2.5,-51.5,-126.005,2
1.3.6.1.4.1.14519.5.2.1.6279.6001.596908385953413160131451426904,3.299999999999997,-12.5,-123.31,1
1.3.6.1.4.1.14519.5.2.1.6279.6001.596908385953413160131451426904,3.299999999999997,-46.5,-239.31,2
1.3.6.1.4.1.14519.5.2.1.6279.6001.303066851236267189733420290986,7.329999999999998,-151.67,-115.0,1
1.3.6.1.4.1.14519.5.2.1.6279.6001.303066851236267189733420290986,7.329999999999998,-201.67000000000002,-197.0,2
1.3.6.1.4.1.14519.5.2.1.6279.6001.148935306123327835217659769212,1.7999999999999972,-12.0,-38.745000000000005,1
1.3.6.1.4.1.14519.5.2.1.6279.6001.148935306123327835217659769212,1.7999999999999972,-46.0,-154.745,2
1.3.6.1.4.1.14519.5.2.1.6279.6001.143412474064515942785157561636,-4.099999999999998,-4.900000000000002,-20.78,1
1.3.6.1.4.1.14519.5.2.1.6279.6001.143412474064515942785157561636,27.900000000000002,-20.900000000000002,-106.78,2
1.3.6.1.4.1.14519.5.2.1.6279.6001.259124675432205040899951626253,12.5,-2.0,-93.72999999999999,1
1.3.6.1.4.1.14519.5.2.1.6279.6001.259124675432205040899951626253,14.5,-36.0,-161.73,2
1.3.6.1.4.1.14519.5.2.1.6279.6001.323426705628838942177546503237,-13.629000000000001,-214.62900000000002,-118.0,1
1.3.6.1.4.1.14519.5.2.1.6279.6001.323426705628838942177546503237,2.3709999999999987,-248.62900000000002,-220.0,2
1.3.6.1.4.1.14519.5.2.1.6279.6001.107109359065300889765026303943,2.5,-13.5,-89.5,1
1.3.6.1.4.1.14519.5.2.1.6279.6001.107109359065300889765026303943,4.5,-45.5,-157.5,2
1.3.6.1.4.1.14519.5.2.1.6279.6001.304700823314998198591652152637,18.331999999999997,-128.668,-119.1,1
1.3.6.1.4.1.14519.5.2.1.6279.6001.304700823314998198591652152637,18.331999999999997,-160.668,-203.10000000000002,2
1.3.6.1.4.1.14519.5.2.1.6279.6001.111172165674661221381920536987,9.400000000000002,46.900000000000006,-40.775000000000006,1
1.3.6.1.4.1.14519.5.2.1.6279.6001.111172165674661221381920536987,11.400000000000002,14.900000000000002,-124.775,2
1.3.6.1.4.1.14519.5.2.1.6279.6001.138894439026794145866157853158,-27.400000000000002,-27.0,-52.5,1
1.3.6.1.4.1.14519.5.2.1.6279.6001.138894439026794145866157853158,-27.400000000000002,-59.0,-170.5,2
1.3.6.1.4.1.14519.5.2.1.6279.6001.182192086929819295877506541021,1.9000000000000021,-12.400000000000002,3.5450000000000017,1
1.3.6.1.4.1.14519.5.2.1.6279.6001.182192086929819295877506541021,1.9000000000000021,-28.400000000000002,-112.45500000000001,2
1.3.6.1.4.1.14519.5.2.1.6279.6001.280072876841890439628529365478,18.293000000000003,-140.707,-85.1,1
1.3.6.1.4.1.14519.5.2.1.6279.6001.280072876841890439628529365478,18.293000000000003,-156.707,-169.1,2
1.3.6.1.4.1.14519.5.2.1.6279.6001.112740418331256326754121315800,-22.900000000000002,-14.599999999999998,-75.75,1
1.3.6.1.4.1.14519.5.2.1.6279.6001.112740418331256326754121315800,7.099999999999998,-62.599999999999994,-175.75,2
1.3.6.1.4.1.14519.5.2.1.6279.6001.325580698241281352835338693869,25.900000000000002,-2.0,-46.215,1
1.3.6.1.4.1.14519.5.2.1.6279.6001.325580698241281352835338693869,25.9,-35.99985,-132.21485,2
1.3.6.1.4.1.14519.5.2.1.6279.6001.293042942258944468818728122049,15.325999999999997,-168.674,316.0,1
1.3.6.1.4.1.14519.5.2.1.6279.6001.293042942258944468818728122049,65.326,-204.67399999999998,178.0,2
1.3.6.1.4.1.14519.5.2.1.6279.6001.286647622786041008124419915089,4.599999999999998,0.5,-115.75,1
1.3.6.1.4.1.14519.5.2.1.6279.6001.286647622786041008124419915089,6.599999999999998,-49.5,-215.75,2
1.3.6.1.4.1.14519.5.2.1.6279.6001.113586291551175790743673929831,25.599999999999998,-13.700000000000003,-68.88499999999999,1
1.3.6.1.4.1.14519.5.2.1.6279.6001.113586291551175790743673929831,39.599999999999994,-31.700000000000003,-168.885,2
1.3.6.1.4.1.14519.5.2.1.6279.6001.665044273312514967270866833277,-0.625,17.375,1602.0,1
1.3.6.1.4.1.14519.5.2.1.6279.6001.665044273312514967270866833277,1.375,-32.625,1518.0,2
1.3.6.1.4.1.14519.5.2.1.6279.6001.265570697208310960298668720669,-8.0,-4.0,-43.995000000000005,1
1.3.6.1.4.1.14519.5.2.1.6279.6001.265570697208310960298668720669,10.0,-24.0,-159.995,2
1.3.6.1.4.1.14519.5.2.1.6279.6001.102133688497886810253331438797,-18.092,121.25404999999999,712.8,1
1.3.6.1.4.1.14519.5.2.1.6279.6001.102133688497886810253331438797,-2.0919999999999987,103.25404999999999,628.8,2
1.3.6.1.4.1.14519.5.2.1.6279.6001.385151742584074711135621089321,-3.799999999999997,-1.5999999999999979,-82.19999999999999,1
1.3.6.1.4.1.14519.5.2.1.6279.6001.385151742584074711135621089321,-17.8,-35.6,-184.2,2
1.3.6.1.4.1.14519.5.2.1.6279.6001.145759169833745025756371695397,-11.400000000000002,14.700000000000003,-49.80500000000001,1
1.3.6.1.4.1.14519.5.2.1.6279.6001.145759169833745025756371695397,6.599999999999998,-19.299999999999997,-149.805,2
1.3.6.1.4.1.14519.5.2.1.6279.6001.323302986710576400812869264321,17.700000000000003,-24.0,-35.84,1
1.3.6.1.4.1.14519.5.2.1.6279.6001.323302986710576400812869264321,15.700000000000003,-56.0002,-133.8402,2
1.3.6.1.4.1.14519.5.2.1.6279.6001.244590453955380448651329424024,-6.665999999999997,-163.666,-145.0,1
1.3.6.1.4.1.14519.5.2.1.6279.6001.244590453955380448651329424024,9.334000000000003,-211.666,-211.0,2
1.3.6.1.4.1.14519.5.2.1.6279.6001.194440094986948071643661798326,-16.629,-157.629,-88.69999999999999,1
1.3.6.1.4.1.14519.5.2.1.6279.6001.194440094986948071643661798326,-0.6290000000000013,-175.629,-190.7,2
1.3.6.1.4.1.14519.5.2.1.6279.6001.175318131822744218104175746898,-13.745999999999999,-182.746,-81.1,1
1.3.6.1.4.1.14519.5.2.1.6279.6001.175318131822744218104175746898,-15.745999999999999,-182.746,-197.10000000000002,2
1.3.6.1.4.1.14519.5.2.1.6279.6001.199069398344356765037879821616,-9.200000000000003,2.299999999999997,-70.71000000000001,1
1.3.6.1.4.1.14519.5.2.1.6279.6001.199069398344356765037879821616,6.799999999999997,-31.700000000000003,-154.71,2
1.3.6.1.4.1.14519.5.2.1.6279.6001.450501966058662668272378865145,-7.0,-25.0,199.5,1
1.3.6.1.4.1.14519.5.2.1.6279.6001.450501966058662668272378865145,9.0,-57.0,115.5,2
1.3.6.1.4.1.14519.5.2.1.6279.6001.206539885154775002929031534291,-3.6479999999999997,-186.648,134.9,1
1.3.6.1.4.1.14519.5.2.1.6279.6001.206539885154775002929031534291,10.352,-202.64800000000002,32.900000000000006,2
1.3.6.1.4.1.14519.5.2.1.6279.6001.134519406153127654901640638633,15.799999999999997,-12.0,-118.5,1
1.3.6.1.4.1.14519.5.2.1.6279.6001.134519406153127654901640638633,1.7999999999999972,-46.0,-220.5,2
1.3.6.1.4.1.14519.5.2.1.6279.6001.202643836890896697853521610450,-9.0,-13.0,-40.400000000000006,1
1.3.6.1.4.1.14519.5.2.1.6279.6001.202643836890896697853521610450,-9.0,-45.000099999999996,-124.4001,2
1.3.6.1.4.1.14519.5.2.1.6279.6001.114195693932194925962391697338,2.700000000000003,-6.0,-93.58000000000001,1
1.3.6.1.4.1.14519.5.2.1.6279.6001.114195693932194925962391697338,2.700000000000003,-26.0,-177.58,2
1.3.6.1.4.1.14519.5.2.1.6279.6001.237915456403882324748189195892,8.700000000000003,-27.0,-64.4,1
1.3.6.1.4.1.14519.5.2.1.6279.6001.237915456403882324748189195892,8.700000000000003,-47.0,-180.4,2
1.3.6.1.4.1.14519.5.2.1.6279.6001.145510611155363050427743946446,37.3,-6.0,-95.715,1
1.3.6.1.4.1.14519.5.2.1.6279.6001.145510611155363050427743946446,37.3,-38.0,-213.71499999999997,2
1.3.6.1.4.1.14519.5.2.1.6279.6001.270951128717816232360812849541,4.400000000000002,-20.0,-100.185,1
1.3.6.1.4.1.14519.5.2.1.6279.6001.270951128717816232360812849541,6.400000000000002,-52.0,-186.185,2
1.3.6.1.4.1.14519.5.2.1.6279.6001.213854687290736562463866711534,12.323999999999998,-160.676,-148.0,1
1.3.6.1.4.1.14519.5.2.1.6279.6001.213854687290736562463866711534,12.323999999999998,-208.676,-248.0,2
1.3.6.1.4.1.14519.5.2.1.6279.6001.179943248049071805421192715219,-0.9000000000000021,10.0,-71.875,1
1.3.6.1.4.1.14519.5.2.1.6279.6001.179943248049071805421192715219,1.0999999999999979,-24.0,-169.875,2
1.3.6.1.4.1.14519.5.2.1.6279.6001.329624439086643515259182406526,40.400000000000006,-2.5,-99.72,1
1.3.6.1.4.1.14519.5.2.1.6279.6001.329624439086643515259182406526,8.400000000000002,-34.5,-167.72,2
1.3.6.1.4.1.14519.5.2.1.6279.6001.308153138776443962077214577161,1.9000000000000021,17.5,-85.37,1
1.3.6.1.4.1.14519.5.2.1.6279.6001.308153138776443962077214577161,17.900000000000002,-14.5,-171.37,2
1.3.6.1.4.1.14519.5.2.1.6279.6001.888615810685807330497715730842,-3.5,-44.400000000000006,-103.41,1
1.3.6.1.4.1.14519.5.2.1.6279.6001.888615810685807330497715730842,-3.5,-62.400000000000006,-189.41,2
1.3.6.1.4.1.14519.5.2.1.6279.6001.273525289046256012743471155680,-1.5340000000000025,178.276,-557.0,1
1.3.6.1.4.1.14519.5.2.1.6279.6001.273525289046256012743471155680,14.465999999999998,112.27590000000001,-625.0,2
1.3.6.1.4.1.14519.5.2.1.6279.6001.138080888843357047811238713686,12.5,134.5,-432.0,1
1.3.6.1.4.1.14519.5.2.1.6279.6001.138080888843357047811238713686,-5.5,116.5,-516.0,2
1.3.6.1.4.1.14519.5.2.1.6279.6001.885168397833922082085837240429,-3.0,10.099999999999998,-88.0,1
1.3.6.1.4.1.14519.5.2.1.6279.6001.885168397833922082085837240429,11.0,-7.900000000000002,-172.0,2
1.3.6.1.4.1.14519.5.2.1.6279.6001.215104063467523905369326175410,25.099999999999998,6.0,-91.65,1
1.3.6.1.4.1.14519.5.2.1.6279.6001.215104063467523905369326175410,11.099999999999998,-26.0,-175.65,2
1.3.6.1.4.1.14519.5.2.1.6279.6001.254473943359963613733707320244,17.700000000000003,-24.0,-104.4,1
1.3.6.1.4.1.14519.5.2.1.6279.6001.254473943359963613733707320244,17.700000000000003,-40.0,-206.39999999999998,2
1.3.6.1.4.1.14519.5.2.1.6279.6001.220747560179730541133819705549,-2.5310000000000024,-27.561999999999998,-971.5,1
1.3.6.1.4.1.14519.5.2.1.6279.6001.220747560179730541133819705549,-2.5310000000000024,-61.562,-1057.5,2
1.3.6.1.4.1.14519.5.2.1.6279.6001.724251104254976962355686318345,-5.640000000000001,157.24515,-512.75,1
1.3.6.1.4.1.14519.5.2.1.6279.6001.724251104254976962355686318345,12.36,123.24515,-596.75,2
1.3.6.1.4.1.14519.5.2.1.6279.6001.286422846896797433168187085942,-16.900000000000002,-33.0,-73.37,1
1.3.6.1.4.1.14519.5.2.1.6279.6001.286422846896797433168187085942,-0.9000000000000021,-67.0,-157.37,2
1.3.6.1.4.1.14519.5.2.1.6279.6001.898642529028521482602829374444,5.0,164.409,-488.20000000000005,1
1.3.6.1.4.1.14519.5.2.1.6279.6001.898642529028521482602829374444,5.0,130.40879999999999,-558.2,2
1.3.6.1.4.1.14519.5.2.1.6279.6001.329326052298830421573852261436,2.0,-10.299999999999997,-102.50999999999999,1
1.3.6.1.4.1.14519.5.2.1.6279.6001.329326052298830421573852261436,2.0,-42.3,-202.51,2
1.3.6.1.4.1.14519.5.2.1.6279.6001.167661207884826429102690781600,11.331999999999997,-166.668,-85.30000000000001,1
1.3.6.1.4.1.14519.5.2.1.6279.6001.167661207884826429102690781600,27.331999999999997,-200.668,-151.3,2
1.3.6.1.4.1.14519.5.2.1.6279.6001.525937963993475482158828421281,12.0,-6.0,-59.459999999999994,1
1.3.6.1.4.1.14519.5.2.1.6279.6001.525937963993475482158828421281,28.0,-38.0,-161.46,2
1.3.6.1.4.1.14519.5.2.1.6279.6001.143813757344903170810482790787,-14.599999999999998,-24.299999999999997,-100.195,1
1.3.6.1.4.1.14519.5.2.1.6279.6001.143813757344903170810482790787,3.400000000000002,-58.3,-200.195,2
1.3.6.1.4.1.14519.5.2.1.6279.6001.220596530836092324070084384692,-13.0,166.0,-459.1,1
1.3.6.1.4.1.14519.5.2.1.6279.6001.220596530836092324070084384692,3.0,134.0,-545.1,2
1.3.6.1.4.1.14519.5.2.1.6279.6001.152706273988004688708784163325,-3.299999999999997,-23.299999999999997,-74.0,1
1.3.6.1.4.1.14519.5.2.1.6279.6001.152706273988004688708784163325,26.700000000000003,-55.3,-176.0,2
1.3.6.1.4.1.14519.5.2.1.6279.6001.163901773171373940247829492387,1.1670000000000016,75.0,-313.7,1
1.3.6.1.4.1.14519.5.2.1.6279.6001.163901773171373940247829492387,1.1670000000000016,41.0,-399.7,2
1.3.6.1.4.1.14519.5.2.1.6279.6001.244442540088515471945035689377,-5.73,-138.73,-137.5,1
1.3.6.1.4.1.14519.5.2.1.6279.6001.244442540088515471945035689377,-3.7300000000000004,-170.73,-219.5,2
1.3.6.1.4.1.14519.5.2.1.6279.6001.323535944958374186208096541480,-12.700000000000003,6.0,-93.5,1
1.3.6.1.4.1.14519.5.2.1.6279.6001.323535944958374186208096541480,-12.700000000000003,-12.0,-177.5,2
1.3.6.1.4.1.14519.5.2.1.6279.6001.259453428008507791234730686014,9.5,-21.0,-103.38999999999999,1
1.3.6.1.4.1.14519.5.2.1.6279.6001.259453428008507791234730686014,11.500000000000004,-35.0,-221.39,2
1.3.6.1.4.1.14519.5.2.1.6279.6001.205113715251629496479289015582,0.3340000000000032,-161.666,-118.5,1
1.3.6.1.4.1.14519.5.2.1.6279.6001.205113715251629496479289015582,0.3340000000000032,-197.666,-204.5,2
1.3.6.1.4.1.14519.5.2.1.6279.6001.317613170669207528926259976488,-8.5,-8.599999999999998,-65.70500000000001,1
1.3.6.1.4.1.14519.5.2.1.6279.6001.317613170669207528926259976488,7.5,-42.599999999999994,-165.705,2
1.3.6.1.4.1.14519.5.2.1.6279.6001.141345499716190654505508410197,-36.900000000000006,-38.5,-97.905,1
1.3.6.1.4.1.14519.5.2.1.6279.6001.141345499716190654505508410197,-20.900000000000002,-58.5,-181.905,2
1.3.6.1.4.1.14519.5.2.1.6279.6001.658611160253017715059194304729,-12.400000000000002,9.400000000000002,-44.605000000000004,1
1.3.6.1.4.1.14519.5.2.1.6279.6001.658611160253017715059194304729,3.599999999999998,-24.599999999999998,-144.605,2
1.3.6.1.4.1.14519.5.2.1.6279.6001.305000574633573438189782624063,-1.4060000000000024,5.625,1625.5,1
1.3.6.1.4.1.14519.5.2.1.6279.6001.305000574633573438189782624063,0.5939999999999976,-28.375,1525.5,2
1.3.6.1.4.1.14519.5.2.1.6279.6001.240630002689062442926543993263,28.5,4.0,-92.0,1
1.3.6.1.4.1.14519.5.2.1.6279.6001.240630002689062442926543993263,14.5,-14.0,-176.0,2
1.3.6.1.4.1.14519.5.2.1.6279.6001.171682845383273105440297561095,-6.099999999999998,6.0,-71.72,1
1.3.6.1.4.1.14519.5.2.1.6279.6001.171682845383273105440297561095,-6.099999999999998,-26.0,-171.72,2
1.3.6.1.4.1.14519.5.2.1.6279.6001.850739282072340578344345230132,-18.099999999999998,16.0,-50.94499999999999,1
1.3.6.1.4.1.14519.5.2.1.6279.6001.850739282072340578344345230132,13.900000000000002,-16.0,-134.945,2
1.3.6.1.4.1.14519.5.2.1.6279.6001.756684168227383088294595834066,1.2830000000000013,-189.717,-156.0,1
1.3.6.1.4.1.14519.5.2.1.6279.6001.756684168227383088294595834066,3.2830000000000013,-223.71699999999998,-226.0,2
1.3.6.1.4.1.14519.5.2.1.6279.6001.193408384740507320589857096592,-5.400000000000002,42.5,-109.57,1
1.3.6.1.4.1.14519.5.2.1.6279.6001.193408384740507320589857096592,-5.400000000000002,8.5,-161.57,2
1.3.6.1.4.1.14519.5.2.1.6279.6001.205993750485568250373835565680,-6.700000000000003,-5.5,-62.510000000000005,1
1.3.6.1.4.1.14519.5.2.1.6279.6001.205993750485568250373835565680,-6.700000000000003,-39.5,-164.51,2
1.3.6.1.4.1.14519.5.2.1.6279.6001.225227615446398900698431118292,-16.799999999999997,-34.900000000000006,-67.38499999999999,1
1.3.6.1.4.1.14519.5.2.1.6279.6001.225227615446398900698431118292,-0.7999999999999972,-50.900000000000006,-167.385,2
1.3.6.1.4.1.14519.5.2.1.6279.6001.152684536713461901635595118048,-1.5,-1.0,-61.480000000000004,1
1.3.6.1.4.1.14519.5.2.1.6279.6001.152684536713461901635595118048,14.5,-51.0,-163.48,2
1.3.6.1.4.1.14519.5.2.1.6279.6001.401389720232123950202941034290,17.099999999999998,2.799999999999997,-130.4,1
1.3.6.1.4.1.14519.5.2.1.6279.6001.401389720232123950202941034290,19.099999999999998,-13.200000000000003,-204.39999999999998,2
1.3.6.1.4.1.14519.5.2.1.6279.6001.252814707117018427472206147014,25.0,6.400000000000002,-122.03,1
1.3.6.1.4.1.14519.5.2.1.6279.6001.252814707117018427472206147014,11.0,-25.599999999999998,-222.02999999999997,2
1.3.6.1.4.1.14519.5.2.1.6279.6001.184501854685844606619543150859,-3.174999999999997,-135.175,-137.0,1
1.3.6.1.4.1.14519.5.2.1.6279.6001.184501854685844606619543150859,-3.174999999999997,-169.175,-239.0,2
1.3.6.1.4.1.14519.5.2.1.6279.6001.584871944187559733312703328980,-2.200000000000003,12.099999999999998,-81.41,1
1.3.6.1.4.1.14519.5.2.1.6279.6001.584871944187559733312703328980,13.799999999999997,-21.900000000000002,-163.41,2
1.3.6.1.4.1.14519.5.2.1.6279.6001.210837812047373739447725050963,15.341999999999999,-167.658,-110.4,1
1.3.6.1.4.1.14519.5.2.1.6279.6001.210837812047373739447725050963,31.342,-199.65800000000002,-210.39999999999998,2
1.3.6.1.4.1.14519.5.2.1.6279.6001.100684836163890911914061745866,-1.7560000000000002,-185.756,-111.5,1
1.3.6.1.4.1.14519.5.2.1.6279.6001.100684836163890911914061745866,0.24399999999999977,-205.75599999999997,-211.5,2
1.3.6.1.4.1.14519.5.2.1.6279.6001.100530488926682752765845212286,12.299999999999997,4.5,-92.465,1
1.3.6.1.4.1.14519.5.2.1.6279.6001.100530488926682752765845212286,14.299999999999997,-27.5,-192.46499999999997,2
1.3.6.1.4.1.14519.5.2.1.6279.6001.247769845138587733933485039556,2.799999999999997,-16.400000000000002,-38.64,1
1.3.6.1.4.1.14519.5.2.1.6279.6001.247769845138587733933485039556,2.799999999999997,-50.400000000000006,-124.63999999999999,2
1.3.6.1.4.1.14519.5.2.1.6279.6001.208511362832825683639135205368,12.0,-56.0,-48.394999999999996,1
1.3.6.1.4.1.14519.5.2.1.6279.6001.208511362832825683639135205368,12.0,-56.0,-166.395,2
1.3.6.1.4.1.14519.5.2.1.6279.6001.192256506776434538421891524301,3.331999999999997,-180.668,-45.8,1
1.3.6.1.4.1.14519.5.2.1.6279.6001.192256506776434538421891524301,5.331999999999997,-212.668,-145.8,2
1.3.6.1.4.1.14519.5.2.1.6279.6001.135512138260421166189966386929,27.313999999999997,-142.686,226.5,1
1.3.6.1.4.1.14519.5.2.1.6279.6001.135512138260421166189966386929,27.313999999999997,-160.686,124.5,2
1.3.6.1.4.1.14519.5.2.1.6279.6001.200725988589959521302320481687,15.370999999999999,-206.62900000000002,-58.8,1
1.3.6.1.4.1.14519.5.2.1.6279.6001.200725988589959521302320481687,15.370999999999999,-238.62900000000002,-110.80000000000001,2
1.3.6.1.4.1.14519.5.2.1.6279.6001.153181766344026020914478182395,-11.5,-12.400000000000002,-86.27000000000001,1
1.3.6.1.4.1.14519.5.2.1.6279.6001.153181766344026020914478182395,4.5,-30.400000000000002,-186.27,2
1.3.6.1.4.1.14519.5.2.1.6279.6001.309672797925724868457151381131,13.273,-164.727,-90.0,1
1.3.6.1.4.1.14519.5.2.1.6279.6001.309672797925724868457151381131,11.273,-198.72699999999998,-174.0,2
1.3.6.1.4.1.14519.5.2.1.6279.6001.980362852713685276785310240144,12.0,-24.0,-31.709999999999997,1
1.3.6.1.4.1.14519.5.2.1.6279.6001.980362852713685276785310240144,28.0,-56.0,-131.71,2
1.3.6.1.4.1.14519.5.2.1.6279.6001.266009527139315622265711325223,12.799999999999997,-34.5,-107.5,1
1.3.6.1.4.1.14519.5.2.1.6279.6001.266009527139315622265711325223,28.799999999999997,-50.5,-209.5,2
1.3.6.1.4.1.14519.5.2.1.6279.6001.139030456172925758598108159491,21.0,75.0,1713.5,1
1.3.6.1.4.1.14519.5.2.1.6279.6001.139030456172925758598108159491,37.0,43.0,1629.5,2
1.3.6.1.4.1.14519.5.2.1.6279.6001.168037818448885856452592057286,-8.155000000000001,-182.155,-126.5,1
1.3.6.1.4.1.14519.5.2.1.6279.6001.168037818448885856452592057286,-8.155000000000001,-216.15499999999997,-194.5,2
1.3.6.1.4.1.14519.5.2.1.6279.6001.219281726101239572270900838145,3.200000000000003,-22.0,-48.175,1
1.3.6.1.4.1.14519.5.2.1.6279.6001.219281726101239572270900838145,5.200000000000003,-40.0,-150.175,2
1.3.6.1.4.1.14519.5.2.1.6279.6001.121805476976020513950614465787,-16.5,9.0,-140.49,1
1.3.6.1.4.1.14519.5.2.1.6279.6001.121805476976020513950614465787,-2.5,-23.0,-210.49,2
1.3.6.1.4.1.14519.5.2.1.6279.6001.246178337114401749164850220976,19.0,0.0,-91.5,1
1.3.6.1.4.1.14519.5.2.1.6279.6001.246178337114401749164850220976,19.0,-34.0,-159.5,2
1.3.6.1.4.1.14519.5.2.1.6279.6001.232058316950007760548968840196,27.599999999999998,3.0,-72.0,1
1.3.6.1.4.1.14519.5.2.1.6279.6001.232058316950007760548968840196,11.599999999999998,-31.0,-188.0,2
1.3.6.1.4.1.14519.5.2.1.6279.6001.238522526736091851696274044574,4.331999999999997,-128.668,-100.6,1
1.3.6.1.4.1.14519.5.2.1.6279.6001.238522526736091851696274044574,6.331999999999997,-146.668,-184.6,2
1.3.6.1.4.1.14519.5.2.1.6279.6001.265453131727473342790950829556,6.311999999999998,-173.688,-50.599999999999994,1
1.3.6.1.4.1.14519.5.2.1.6279.6001.265453131727473342790950829556,6.311999999999998,-207.688,-150.6,2
1.3.6.1.4.1.14519.5.2.1.6279.6001.297988578825170426663869669862,-1.4000000000000021,-24.0,-122.0,1
1.3.6.1.4.1.14519.5.2.1.6279.6001.297988578825170426663869669862,12.599999999999998,-40.0,-224.0,2
1.3.6.1.4.1.14519.5.2.1.6279.6001.561423049201987049884663740668,-5.599999999999998,10.0,-89.75,1
1.3.6.1.4.1.14519.5.2.1.6279.6001.561423049201987049884663740668,10.400000000000002,-22.0,-191.75,2
1.3.6.1.4.1.14519.5.2.1.6279.6001.252697338970999211181671881792,-1.7000000000000028,17.900000000000002,-95.06,1
1.3.6.1.4.1.14519.5.2.1.6279.6001.252697338970999211181671881792,0.29999999999999716,-16.099999999999998,-163.06,2
1.3.6.1.4.1.14519.5.2.1.6279.6001.892375496445736188832556446335,-31.700000000000003,7.700000000000003,-79.25,1
1.3.6.1.4.1.14519.5.2.1.6279.6001.892375496445736188832556446335,-15.700000000000003,-26.299999999999997,-163.25,2
1.3.6.1.4.1.14519.5.2.1.6279.6001.174935793360491516757154875981,5.352,-166.648,-102.4,1
1.3.6.1.4.1.14519.5.2.1.6279.6001.174935793360491516757154875981,21.352,-198.64800000000002,-220.39999999999998,2
1.3.6.1.4.1.14519.5.2.1.6279.6001.245349763807614756148761326488,15.900000000000002,1.5,-120.25,1
1.3.6.1.4.1.14519.5.2.1.6279.6001.245349763807614756148761326488,15.900000000000002,-16.5,-204.25,2
1.3.6.1.4.1.14519.5.2.1.6279.6001.297964221542942838344351735414,3.7369999999999983,144.3991,-603.4,1
1.3.6.1.4.1.14519.5.2.1.6279.6001.297964221542942838344351735414,19.737,126.3991,-671.4,2
1.3.6.1.4.1.14519.5.2.1.6279.6001.306112617218006614029386065035,2.5,-31.200000000000003,-73.0,1
1.3.6.1.4.1.14519.5.2.1.6279.6001.306112617218006614029386065035,2.5,-65.19999999999999,-173.0,2
1.3.6.1.4.1.14519.5.2.1.6279.6001.146603910507557786636779705509,24.099999999999998,-9.0,-74.16,1
1.3.6.1.4.1.14519.5.2.1.6279.6001.146603910507557786636779705509,24.099999999999998,-41.0,-160.16,2
1.3.6.1.4.1.14519.5.2.1.6279.6001.170052181746004939527661217512,4.5,-38.5,-87.25,1
1.3.6.1.4.1.14519.5.2.1.6279.6001.170052181746004939527661217512,4.5,-54.5,-205.25,2
1.3.6.1.4.1.14519.5.2.1.6279.6001.192419869605596446455526220766,42.7,2.799999999999997,-99.5,1
1.3.6.1.4.1.14519.5.2.1.6279.6001.192419869605596446455526220766,60.7,-31.200000000000003,-183.5,2
1.3.6.1.4.1.14519.5.2.1.6279.6001.310626494937915759224334597176,-15.0,24.0,-60.33,1
1.3.6.1.4.1.14519.5.2.1.6279.6001.310626494937915759224334597176,1.0,-26.0,-160.33,2
1.3.6.1.4.1.14519.5.2.1.6279.6001.910757789941076242457816491305,-8.799999999999997,-10.299999999999997,-92.24000000000001,1
1.3.6.1.4.1.14519.5.2.1.6279.6001.910757789941076242457816491305,-8.799999999999997,-44.3,-192.24,2
1.3.6.1.4.1.14519.5.2.1.6279.6001.159521777966998275980367008904,2.900000000000002,-7.900000000000002,-78.07,1
1.3.6.1.4.1.14519.5.2.1.6279.6001.159521777966998275980367008904,2.900000000000002,-39.900000000000006,-162.07,2
1.3.6.1.4.1.14519.5.2.1.6279.6001.222052723822248889877676736332,2.0,-50.0,-36.394999999999996,1
1.3.6.1.4.1.14519.5.2.1.6279.6001.222052723822248889877676736332,20.0,-68.0,-140.395,2
1.3.6.1.4.1.14519.5.2.1.6279.6001.147250707071097813243473865421,25.599999999999998,8.200000000000003,-58.465,1
1.3.6.1.4.1.14519.5.2.1.6279.6001.147250707071097813243473865421,41.599999999999994,-9.799999999999997,-156.465,2
1.3.6.1.4.1.14519.5.2.1.6279.6001.249530219848512542668813996730,14.400000000000002,18.0,-31.060000000000002,1
1.3.6.1.4.1.14519.5.2.1.6279.6001.249530219848512542668813996730,14.400000000000002,-14.0,-129.06,2
1.3.6.1.4.1.14519.5.2.1.6279.6001.108193664222196923321844991231,-0.9000000000000021,-9.200000000000003,-96.84,1
1.3.6.1.4.1.14519.5.2.1.6279.6001.108193664222196923321844991231,1.0999999999999979,-41.2,-180.84,2
1.3.6.1.4.1.14519.5.2.1.6279.6001.300392272203629213913702120739,-5.5,200.543,-323.5,1
1.3.6.1.4.1.14519.5.2.1.6279.6001.300392272203629213913702120739,8.5,166.543,-421.5,2
1.3.6.1.4.1.14519.5.2.1.6279.6001.765930210026773090100532964804,10.5,158.5,-595.8,1
1.3.6.1.4.1.14519.5.2.1.6279.6001.765930210026773090100532964804,-5.5,140.5,-663.8,2
1.3.6.1.4.1.14519.5.2.1.6279.6001.664409965623578819357819577077,8.700000000000003,-12.0,-53.05500000000001,1
1.3.6.1.4.1.14519.5.2.1.6279.6001.664409965623578819357819577077,8.700000000000003,-46.0,-153.055,2
1.3.6.1.4.1.14519.5.2.1.6279.6001.244995725416880806339898556632,10.864,-144.136,-88.4,1
1.3.6.1.4.1.14519.5.2.1.6279.6001.244995725416880806339898556632,28.864,-178.136,-200.39999999999998,2
1.3.6.1.4.1.14519.5.2.1.6279.6001.254921765503801141457177972447,8.375,-14.656000000000002,1489.0,1
1.3.6.1.4.1.14519.5.2.1.6279.6001.254921765503801141457177972447,8.375,-48.656000000000006,1403.0,2
1.3.6.1.4.1.14519.5.2.1.6279.6001.309707676674808510671394142910,4.438000000000002,11.061999999999998,1573.0,1
1.3.6.1.4.1.14519.5.2.1.6279.6001.309707676674808510671394142910,-11.561999999999998,-20.938000000000002,1469.0,2
1.3.6.1.4.1.14519.5.2.1.6279.6001.139889514693390832525232698200,-5.599999999999998,-27.099999999999998,-28.924999999999997,1
1.3.6.1.4.1.14519.5.2.1.6279.6001.139889514693390832525232698200,10.400000000000002,-59.099999999999994,-130.925,2
1.3.6.1.4.1.14519.5.2.1.6279.6001.126121460017257137098781143514,18.900000000000002,-9.0,-72.0,1
1.3.6.1.4.1.14519.5.2.1.6279.6001.126121460017257137098781143514,18.900000000000002,-41.0,-156.0,2
1.3.6.1.4.1.14519.5.2.1.6279.6001.244681063194071446501270815660,27.331999999999997,-153.668,-114.80000000000001,1
1.3.6.1.4.1.14519.5.2.1.6279.6001.244681063194071446501270815660,13.331999999999997,-187.668,-180.8,2
1.3.6.1.4.1.14519.5.2.1.6279.6001.151764021165118974848436095034,27.540999999999997,159.8231,-526.9,1
1.3.6.1.4.1.14519.5.2.1.6279.6001.151764021165118974848436095034,27.540999999999997,125.82310000000001,-610.9,2
1.3.6.1.4.1.14519.5.2.1.6279.6001.692598144815688523679745963696,-6.799999999999997,-13.5,-122.47999999999999,1
1.3.6.1.4.1.14519.5.2.1.6279.6001.692598144815688523679745963696,9.200000000000003,-31.5,-256.48,2
1.3.6.1.4.1.14519.5.2.1.6279.6001.233001470265230594739708503198,36.283,-141.717,-110.4,1
1.3.6.1.4.1.14519.5.2.1.6279.6001.233001470265230594739708503198,20.283,-157.717,-228.39999999999998,2
1.3.6.1.4.1.14519.5.2.1.6279.6001.119209873306155771318545953948,15.200000000000003,-25.599999999999998,-90.5,1
1.3.6.1.4.1.14519.5.2.1.6279.6001.119209873306155771318545953948,15.200000000000003,-57.599999999999994,-190.5,2
1.3.6.1.4.1.14519.5.2.1.6279.6001.194246472548954252250399902051,5.700000000000003,-29.0,-79.0,1
1.3.6.1.4.1.14519.5.2.1.6279.6001.194246472548954252250399902051,5.700000000000003,-45.0,-179.0,2
1.3.6.1.4.1.14519.5.2.1.6279.6001.669518152156802508672627785405,7.599999999999998,14.099999999999998,-79.97999999999999,1
1.3.6.1.4.1.14519.5.2.1.6279.6001.669518152156802508672627785405,9.599999999999998,-19.900000000000002,-179.98,2
1.3.6.1.4.1.14519.5.2.1.6279.6001.205174485766424333452131788504,-10.718999999999998,-16.188000000000002,1652.5,1
1.3.6.1.4.1.14519.5.2.1.6279.6001.205174485766424333452131788504,3.2810000000000024,-52.188,1552.5,2
1.3.6.1.4.1.14519.5.2.1.6279.6001.603166427542096384265514998412,9.0,-24.0,-74.0,1
1.3.6.1.4.1.14519.5.2.1.6279.6001.603166427542096384265514998412,11.0,-56.0,-160.0,2
1.3.6.1.4.1.14519.5.2.1.6279.6001.336894364358709782463716339027,15.200000000000003,-6.0,-89.75,1
1.3.6.1.4.1.14519.5.2.1.6279.6001.336894364358709782463716339027,31.200000000000003,-40.0,-191.75,2
1.3.6.1.4.1.14519.5.2.1.6279.6001.655242448149322898770987310561,-4.0,-22.599999999999998,-139.25,1
1.3.6.1.4.1.14519.5.2.1.6279.6001.655242448149322898770987310561,-6.0,-54.599999999999994,-239.25,2
1.3.6.1.4.1.14519.5.2.1.6279.6001.313756547848086902190878548835,11.0,-23.099999999999998,-114.72,1
1.3.6.1.4.1.14519.5.2.1.6279.6001.313756547848086902190878548835,13.0,-57.099999999999994,-200.72000000000003,2
1.3.6.1.4.1.14519.5.2.1.6279.6001.285926554490515269336267972830,-6.299999999999997,-7.799999999999997,-102.21000000000001,1
1.3.6.1.4.1.14519.5.2.1.6279.6001.285926554490515269336267972830,-6.299999999999997,-55.8,-186.21,2
1.3.6.1.4.1.14519.5.2.1.6279.6001.144943344795414353192059796098,20.400000000000002,-25.200000000000003,-71.69999999999999,1
1.3.6.1.4.1.14519.5.2.1.6279.6001.144943344795414353192059796098,20.400000000000002,-45.2,-171.7,2
1.3.6.1.4.1.14519.5.2.1.6279.6001.137009552031052971596477963106,-3.7189999999999976,-17.781000000000002,1597.5,1
1.3.6.1.4.1.14519.5.2.1.6279.6001.137009552031052971596477963106,-3.7189999999999976,-35.781000000000006,1481.5,2
1.3.6.1.4.1.14519.5.2.1.6279.6001.275755514659958628040305922764,-7.619,-172.619,-109.5,1
1.3.6.1.4.1.14519.5.2.1.6279.6001.275755514659958628040305922764,8.381,-206.61900000000003,-225.5,2
1.3.6.1.4.1.14519.5.2.1.6279.6001.196619392240146451912217585346,-15.875,4.438000000000002,-204.5,1
1.3.6.1.4.1.14519.5.2.1.6279.6001.196619392240146451912217585346,-13.875,-27.561999999999998,-272.5,2
1.3.6.1.4.1.14519.5.2.1.6279.6001.223098610241551815995595311693,-6.638999999999999,-175.639,-119.0,1
1.3.6.1.4.1.14519.5.2.1.6279.6001.223098610241551815995595311693,11.361,-209.639,-217.0,2
1.3.6.1.4.1.14519.5.2.1.6279.6001.771741891125176943862272696845,3.331999999999997,-151.668,-115.80000000000001,1
1.3.6.1.4.1.14519.5.2.1.6279.6001.771741891125176943862272696845,3.331999999999997,-183.668,-215.8,2
1.3.6.1.4.1.14519.5.2.1.6279.6001.194488534645348916700259325236,6.200000000000003,-6.0,-37.925,1
1.3.6.1.4.1.14519.5.2.1.6279.6001.194488534645348916700259325236,6.200000000000003,-22.0,-137.925,2
1.3.6.1.4.1.14519.5.2.1.6279.6001.141069661700670042960678408762,8.188000000000002,197.072,-732.7,1
1.3.6.1.4.1.14519.5.2.1.6279.6001.141069661700670042960678408762,-9.811999999999998,181.072,-818.7,2
1.3.6.1.4.1.14519.5.2.1.6279.6001.149893110752986700464921264055,2.700000000000003,-20.0,-34.75,1
1.3.6.1.4.1.14519.5.2.1.6279.6001.149893110752986700464921264055,4.700000000000003,-54.0,-122.75,2
1.3.6.1.4.1.14519.5.2.1.6279.6001.226456162308124493341905600418,-5.900000000000002,-11.0,-61.25,1
1.3.6.1.4.1.14519.5.2.1.6279.6001.226456162308124493341905600418,-5.900000000000002,-45.0,-147.25,2
1.3.6.1.4.1.14519.5.2.1.6279.6001.167919147233131417984739058859,12.400000000000002,2.5,-59.295,1
1.3.6.1.4.1.14519.5.2.1.6279.6001.167919147233131417984739058859,12.400000000000002,-31.5,-163.295,2
1.3.6.1.4.1.14519.5.2.1.6279.6001.253322967203074795232627653819,-7.0,-9.0,-62.875,1
1.3.6.1.4.1.14519.5.2.1.6279.6001.253322967203074795232627653819,9.0,-25.0,-148.875,2
1.3.6.1.4.1.14519.5.2.1.6279.6001.220205300714852483483213840572,6.599999999999998,1.5999999999999979,-92.82,1
1.3.6.1.4.1.14519.5.2.1.6279.6001.220205300714852483483213840572,8.599999999999998,-32.400000000000006,-160.82,2
1.3.6.1.4.1.14519.5.2.1.6279.6001.142154819868944114554521645782,-3.724999999999998,-149.725,937.0,1
1.3.6.1.4.1.14519.5.2.1.6279.6001.142154819868944114554521645782,-3.724999999999998,-183.725,855.0,2
1.3.6.1.4.1.14519.5.2.1.6279.6001.631047517458234322522264161877,3.799999999999997,-23.5,-76.41,1
1.3.6.1.4.1.14519.5.2.1.6279.6001.631047517458234322522264161877,-10.200000000000003,-39.5,-176.41,2
1.3.6.1.4.1.14519.5.2.1.6279.6001.466284753932369813717081722101,12.283000000000001,-143.717,-83.1,1
1.3.6.1.4.1.14519.5.2.1.6279.6001.466284753932369813717081722101,12.283000000000001,-193.71699999999998,-151.1,2
1.3.6.1.4.1.14519.5.2.1.6279.6001.419601611032172899567156073142,-4.0,-3.400000000000002,-85.37,1
1.3.6.1.4.1.14519.5.2.1.6279.6001.419601611032172899567156073142,-4.0,-37.400000000000006,-169.37,2
1.3.6.1.4.1.14519.5.2.1.6279.6001.316643107252485100789257057503,-8.646,-169.646,-164.5,1
1.3.6.1.4.1.14519.5.2.1.6279.6001.316643107252485100789257057503,7.353999999999999,-201.64600000000002,-266.5,2
1.3.6.1.4.1.14519.5.2.1.6279.6001.129567032250534530765928856531,22.900000000000002,-4.0,-67.68,1
1.3.6.1.4.1.14519.5.2.1.6279.6001.129567032250534530765928856531,22.900000000000002,-52.0,-173.68,2
1.3.6.1.4.1.14519.5.2.1.6279.6001.293757615532132808762625441831,27.200000000000003,-12.0,-84.005,1
1.3.6.1.4.1.14519.5.2.1.6279.6001.293757615532132808762625441831,11.200000000000003,-28.0,-182.005,2
1.3.6.1.4.1.14519.5.2.1.6279.6001.417815314896088956784723476543,3.6899999999999977,157.92405,-592.3,1
1.3.6.1.4.1.14519.5.2.1.6279.6001.417815314896088956784723476543,3.6899999999999977,137.92405,-676.3,2
1.3.6.1.4.1.14519.5.2.1.6279.6001.227968442353440630355230778531,-17.402,150.59815,-519.5,1
1.3.6.1.4.1.14519.5.2.1.6279.6001.227968442353440630355230778531,-1.402000000000001,118.59815,-587.5,2
1.3.6.1.4.1.14519.5.2.1.6279.6001.242624386080831911167122628616,6.293000000000003,-159.707,-141.0,1
1.3.6.1.4.1.14519.5.2.1.6279.6001.242624386080831911167122628616,8.293000000000003,-177.707,-211.0,2
1.3.6.1.4.1.14519.5.2.1.6279.6001.771831598853841017505646275338,-6.0,-10.599999999999998,-81.995,1
1.3.6.1.4.1.14519.5.2.1.6279.6001.771831598853841017505646275338,12.0,-60.599999999999994,-165.995,2
1.3.6.1.4.1.14519.5.2.1.6279.6001.106419850406056634877579573537,-15.0,18.299999999999997,-110.1,1
1.3.6.1.4.1.14519.5.2.1.6279.6001.106419850406056634877579573537,-15.0,-15.700000000000003,-194.10000000000002,2
1.3.6.1.4.1.14519.5.2.1.6279.6001.302134342469412607966016057827,10.0,-24.0,-45.7,1
1.3.6.1.4.1.14519.5.2.1.6279.6001.302134342469412607966016057827,12.0,-72.0,-133.7,2
1.3.6.1.4.1.14519.5.2.1.6279.6001.265775376735520890308424143898,28.961,143.29985,-656.9,1
1.3.6.1.4.1.14519.5.2.1.6279.6001.265775376735520890308424143898,-3.0390000000000015,127.29985,-740.9,2
1.3.6.1.4.1.14519.5.2.1.6279.6001.332453873575389860371315979768,8.322000000000003,-175.678,-181.4,1
1.3.6.1.4.1.14519.5.2.1.6279.6001.332453873575389860371315979768,8.322000000000003,-209.678,-283.4,2
1.3.6.1.4.1.14519.5.2.1.6279.6001.227885601428639043345478571594,-8.599999999999998,5.599999999999998,-17.265,1
1.3.6.1.4.1.14519.5.2.1.6279.6001.227885601428639043345478571594,5.400000000000002,-10.400000000000002,-119.26499999999999,2
1.3.6.1.4.1.14519.5.2.1.6279.6001.326853837126361167310734933887,1.7999999999999972,-155.2,-113.0,1
1.3.6.1.4.1.14519.5.2.1.6279.6001.326853837126361167310734933887,-0.20000000000000284,-187.2,-213.0,2
1.3.6.1.4.1.14519.5.2.1.6279.6001.326458819737931581200925000717,21.281000000000002,15.781000000000002,1475.5,1
1.3.6.1.4.1.14519.5.2.1.6279.6001.326458819737931581200925000717,21.281,-0.2190000000000012,1373.5,2
1.3.6.1.4.1.14519.5.2.1.6279.6001.195557219224169985110295082004,23.5,28.200000000000003,-80.5,1
1.3.6.1.4.1.14519.5.2.1.6279.6001.195557219224169985110295082004,7.5,10.200000000000003,-164.5,2
1.3.6.1.4.1.14519.5.2.1.6279.6001.216252660192313507027754194207,33.0,179.0,-475.5,1
1.3.6.1.4.1.14519.5.2.1.6279.6001.216252660192313507027754194207,17.0,161.0,-543.5,2
1.3.6.1.4.1.14519.5.2.1.6279.6001.340158437895922179455019686521,4.273,-141.727,-68.0,1
1.3.6.1.4.1.14519.5.2.1.6279.6001.340158437895922179455019686521,4.273,-173.727,-154.0,2
1.3.6.1.4.1.14519.5.2.1.6279.6001.109203031650348694844047454215,-11.183000000000003,-158.183,-127.5,1
1.3.6.1.4.1.14519.5.2.1.6279.6001.109203031650348694844047454215,-9.183000000000003,-206.183,-225.5,2
1.3.6.1.4.1.14519.5.2.1.6279.6001.123654356399290048011621921476,19.400000000000002,-15.900000000000002,-85.93,1
1.3.6.1.4.1.14519.5.2.1.6279.6001.123654356399290048011621921476,19.400000000000002,-49.900000000000006,-183.93,2
1.3.6.1.4.1.14519.5.2.1.6279.6001.741709061958490690246385302477,27.799999999999997,-32.0,-119.5,1
1.3.6.1.4.1.14519.5.2.1.6279.6001.741709061958490690246385302477,11.799999999999997,-66.0,-203.5,2
1.3.6.1.4.1.14519.5.2.1.6279.6001.749871569713868632259874663577,-9.0,6.0,-19.97,1
1.3.6.1.4.1.14519.5.2.1.6279.6001.749871569713868632259874663577,9.0,-28.0,-109.97,2
1.3.6.1.4.1.14519.5.2.1.6279.6001.105756658031515062000744821260,-8.099999999999998,-5.0,-109.21000000000001,1
1.3.6.1.4.1.14519.5.2.1.6279.6001.105756658031515062000744821260,7.900000000000002,-23.0,-195.20999999999998,2
1.3.6.1.4.1.14519.5.2.1.6279.6001.138674679709964033277400089532,23.0,-6.0,-81.30000000000001,1
1.3.6.1.4.1.14519.5.2.1.6279.6001.138674679709964033277400089532,7.0,-40.0,-167.3,2
1.3.6.1.4.1.14519.5.2.1.6279.6001.159665703190517688573100822213,-0.9000000000000021,21.0,-110.41,1
1.3.6.1.4.1.14519.5.2.1.6279.6001.159665703190517688573100822213,-0.9000000000000021,-13.0,-180.41,2
1.3.6.1.4.1.14519.5.2.1.6279.6001.224845111941302943990256315343,14.656000000000002,34.188,1679.5,1
1.3.6.1.4.1.14519.5.2.1.6279.6001.224845111941302943990256315343,30.656000000000002,16.188000000000002,1593.5,2
1.3.6.1.4.1.14519.5.2.1.6279.6001.136830368929967292376608088362,-6.0,-6.0,-70.36000000000001,1
1.3.6.1.4.1.14519.5.2.1.6279.6001.136830368929967292376608088362,10.0,-40.0,-170.36,2
1.3.6.1.4.1.14519.5.2.1.6279.6001.390513733720659266816639651938,25.400000000000002,-22.0,-96.5,1
1.3.6.1.4.1.14519.5.2.1.6279.6001.390513733720659266816639651938,25.400000000000002,-40.0,-180.5,2
1.3.6.1.4.1.14519.5.2.1.6279.6001.121391737347333465796214915391,11.299999999999997,-30.5,-72.25,1
1.3.6.1.4.1.14519.5.2.1.6279.6001.121391737347333465796214915391,13.299999999999997,-46.5,-188.25,2
1.3.6.1.4.1.14519.5.2.1.6279.6001.100398138793540579077826395208,3.3119999999999976,-185.688,924.7,1
1.3.6.1.4.1.14519.5.2.1.6279.6001.100398138793540579077826395208,3.3119999999999976,-203.688,840.7,2
1.3.6.1.4.1.14519.5.2.1.6279.6001.226152078193253087875725735761,-36.0,194.0,-523.1,1
1.3.6.1.4.1.14519.5.2.1.6279.6001.226152078193253087875725735761,-68.0,160.0,-575.1,2
1.3.6.1.4.1.14519.5.2.1.6279.6001.164988920331211858091402361989,-2.6949999999999967,-171.695,-116.5,1
1.3.6.1.4.1.14519.5.2.1.6279.6001.164988920331211858091402361989,13.305000000000003,-203.695,-214.5,2
1.3.6.1.4.1.14519.5.2.1.6279.6001.404364125369979066736354549484,-0.7069999999999972,-142.707,-85.5,1
1.3.6.1.4.1.14519.5.2.1.6279.6001.404364125369979066736354549484,-0.7069999999999972,-176.707,-185.5,2
1.3.6.1.4.1.14519.5.2.1.6279.6001.256542095129414948017808425649,-4.799999999999997,-22.0,-94.38999999999999,1
1.3.6.1.4.1.14519.5.2.1.6279.6001.256542095129414948017808425649,-6.799999999999997,-40.0,-210.39,2
1.3.6.1.4.1.14519.5.2.1.6279.6001.768276876111112560631432843476,-16.74,-167.74,-110.5,1
1.3.6.1.4.1.14519.5.2.1.6279.6001.768276876111112560631432843476,-0.7399999999999984,-201.74,-178.5,2
1.3.6.1.4.1.14519.5.2.1.6279.6001.390009458146468860187238398197,17.5,-36.8,-86.75,1
1.3.6.1.4.1.14519.5.2.1.6279.6001.390009458146468860187238398197,19.5,-68.80000000000001,-170.75,2
1.3.6.1.4.1.14519.5.2.1.6279.6001.299806338046301317870803017534,-18.400000000000002,8.700000000000003,-86.33500000000001,1
1.3.6.1.4.1.14519.5.2.1.6279.6001.299806338046301317870803017534,-4.400000000000002,-9.299999999999997,-184.335,2
